site_no,Tullbergiidae,Lumbricidae,Cyprididae,Enchytraeidae,Chironomidae,Megascolecidae,Caenidae,Daphniidae,Eurycercidae,Drosophilidae,Heleomyzidae,Lauxaniidae,Hybotidae,Curculionidae,Lampyridae,Staphylinidae,Isotomidae,Chaoboridae,unclassified_Diptera,Tipulidae,Scarabaeidae,Cyclopidae,Polleniidae,Baetidae,Simuliidae,Entomobryidae,Naididae,Sciaridae,Leuctridae,Polyxenidae,Dytiscidae,Scutigerellidae,Ephydridae,Ceratopogonidae,Capniidae,Caeciliusidae,Nitidulidae,Ectopsocidae,Phoridae,Sparganophilidae,Lithobiidae,Nemouridae,Pyralidae,Dolichopodidae,Psychodidae,Platystomatidae,Geophilidae,Culicidae,Stenopsocidae,Crambidae,Clubionidae,Tectocepheidae,Rhagionidae,Fanniidae,Heptageniidae,Chrysomelidae,Syrphidae,Neelidae,Cicadellidae,Limoniidae,Neanuridae,Calliphoridae,Empididae,Candonidae,Katiannidae,Triozidae,Miridae,Chydoridae,Haliplidae,Naucoridae,Lepidostomatidae,Stratiomyidae,Brachionidae,Hypogastruridae,Trombidiidae,Lumbriculidae,Trichoceridae,Onychiuridae,Dicyrtomidae,Scirtidae,Orchesellidae,Sialidae,Cantharidae,Ephemeridae,Limnesiidae,Carabidae,Aeshnidae,Chloropidae,Tortricidae,Platypezidae,Anthomyiidae,Perlodidae,Lymnaeidae,Hemerobiidae,Coenagrionidae,Erpobdellidae,Physidae,Elateridae,Elipsocidae,Trachytidae,Dryopidae,Hydrophilidae,Corduliidae,Limnephilidae,Philotarsidae,Elmidae,Philopotamidae,Ptinidae,Gerridae,Erebidae,Ectobiidae,Dixidae,Philosciidae,Dasydytidae,Tabanidae,Sarcophagidae,Muscidae,Chordeumatidae,Trachelipodidae,Lycosidae,Mycetophagidae,Rhyparochromidae,Brachychaeteumatidae,Trogidae,Libellulidae,Nepidae,Sciomyzidae,Parasitidae,Lonchopteridae,Trichoniscidae,Formicidae,Lygaeidae,Agromyzidae,Pediciidae,Pipunculidae,Ameroseiidae,Odontoceridae,Geometridae,Hydrodromidae,Notonectidae,Tephritidae,Cecidomyiidae,Hepialidae,Aphrophoridae,Arrenuridae,Rhodacaridae,Arionidae,Himantariidae,Noctuidae,Phalangiidae,Gammaridae,Hydridae,Noteridae,Coccinellidae,Ellobiidae,Laelapidae,Sphaeroceridae,Nemonychidae,Peripsocidae,Tenthredinidae,Sepsidae,Lonchaeidae,Scraptiidae,Canthocamptidae,Ptychopteridae,Darwinulidae,Cerambycidae,type
1,780,131285,328,5901,62355,3466,0,377,0,0,0,0,261,927,0,18657,280,8,113026,2483,0,62,0,173,216,40,97,30,265,0,203,0,488,0,3287,15,18,0,0,0,476,349,0,9,0,0,1,8874,0,0,0,0,11,0,0,3518,0,0,0,7,9093,0,30,1769,22,0,211,9054,0,9,0,7838,0,0,0,0,0,18,0,0,0,0,0,0,0,0,0,0,0,0,0,0,0,0,0,0,0,0,0,14,0,11,0,0,0,137,0,0,0,0,0,1339,0,98,0,0,18,0,0,0,0,7,0,0,0,0,22,41,0,0,0,0,0,0,297,0,0,0,0,0,0,0,0,0,0,0,0,0,0,0,0,9667,0,0,0,0,0,0,0,0,0,0,0,0,0,0,0,Soil
2,33,744,180,3881,7776,407,0,1912,26585,0,0,0,93,0,0,106,362,0,4904,45,47,0,20,1549,0,279,763,0,8,160,33,0,0,0,0,89,11,0,0,0,1091,22777,0,120,0,0,0,276,0,1,0,0,0,0,2,291,0,27,0,2676,2107,0,43,42,4544,0,20,0,1076,0,29,5,0,18,0,0,0,0,87,0,737,0,0,0,0,0,3,55,0,0,0,0,0,0,475,0,0,0,0,0,95,0,0,14,0,0,0,0,0,0,0,18,0,903,0,0,0,0,0,0,13,0,0,0,0,0,0,5,7,0,6,0,1301,0,1,0,0,0,60,0,0,0,0,0,0,0,26,0,0,0,0,0,0,0,0,0,0,0,0,0,0,0,0,537,0,0,0,Soil
3,118,1308,7407,11239,143844,412,0,162,25,0,0,0,0,268,0,638,11152,0,114945,347,275,0,0,2784,333,105,4327,37981,0,8326,3785,5744,35553,764,154,4746,86,0,101,0,2387,1401,0,2883,0,6,0,13928,0,0,0,0,0,0,10,418,265,0,159,12308,3461,0,42,38243,93929,0,347,152,0,52,0,12189,1478,0,0,2207,0,0,4759,0,0,0,0,0,0,0,0,1533,0,0,3,0,0,0,9,0,0,0,0,6797,0,0,53,96,0,0,0,0,0,20505,0,257,0,3527,0,0,0,0,0,2057,0,0,0,0,0,0,0,0,0,0,0,0,48,0,37,0,0,0,1272,0,0,0,0,0,0,0,0,0,0,28,0,0,0,0,0,0,0,0,0,0,0,0,0,0,0,0,0,Soil
4,13648,73834,41,27434,115007,30042,0,822,4273,7067,0,0,0,0,0,19328,7293,6,167939,1363,11,17388,0,100,0,69,2326,26762,0,4505,467,821,22819,1854,0,2430,0,0,503,0,47,3176,0,1526,0,0,13,24,0,0,0,0,0,0,11,2951,473,0,0,41,788,0,0,795,38,0,103,8773,0,8,815,80,0,4230,0,1268,0,16,16704,0,0,0,0,0,0,0,0,962,0,0,0,278,0,0,92,0,0,0,0,0,11,0,0,0,0,0,0,0,0,0,7,161,0,0,0,0,809,3612,0,13,0,0,0,0,0,0,0,0,0,0,79,0,4,0,248,0,0,0,720,0,0,0,0,0,1265,0,18,0,8,0,0,418,0,0,0,0,0,0,0,0,0,0,0,0,0,0,0,Soil
5,341,10653,12,5119,102835,226,0,65,1258,0,36,0,934,130,0,4498,3423,0,43751,1154,5,119,0,0,55811,5860,5097,8,1615,0,444,4839,581,3,945,13,0,0,7123,0,908,1737,16,578,10,0,0,4700,0,0,0,3,0,20,0,32,2,10,0,506,914,0,1679,402,42,0,2213,5755,168,8,0,4193,0,28,0,0,0,31,0,71,24,0,354,0,0,1176,201,0,1917,0,0,0,0,16,36,0,0,0,0,2,0,410,0,9,526,0,13,527,0,0,0,18,9,0,688,0,0,0,0,0,0,49,0,0,0,0,7,1147,0,0,0,0,9,0,0,4,0,214,0,0,0,0,0,0,0,115,25,0,0,0,183,0,0,0,0,0,0,0,0,0,0,0,0,14,0,0,13,Soil
6,2,891,531,624,3655,1038,0,291,5008,0,0,0,341,4,0,81,49,0,4823,7,0,2,0,2148,3,0,5236,71,2,0,0,0,11,0,2,1,167,0,739,0,73,696,0,24,0,0,0,1019,0,0,0,0,0,0,0,4,0,34,0,20,256,0,0,17,0,0,0,4,1204,13,0,0,0,144,0,0,0,2,8,0,601,5,6,0,0,0,0,0,0,0,4,0,0,0,242,0,0,0,0,0,1,0,0,65,0,0,0,0,0,0,0,11,0,3988,0,0,0,0,0,0,0,0,0,0,0,0,0,255,0,0,0,2,4,4,0,0,0,0,0,0,0,0,0,0,0,0,0,0,0,0,0,2,2,0,0,0,0,0,0,0,0,0,0,16,0,0,0,Soil
7,936,43815,165,2685,43156,753,0,19533,16211,0,0,0,129,459,0,34369,767,1,62277,634,169,401,387,32,6637,1555,146,3292,0,0,136,0,4046,182,192,21,0,0,0,0,1084,1837,46,3,5,0,0,1495,0,0,0,6,0,0,0,0,46,114,2485,613,23,0,341,1264,10,0,7849,10,3166,0,73,1632,0,210,10,418,0,181,0,10,1556,0,0,0,0,0,160,499,0,0,0,140,0,0,632,0,0,0,5,0,0,0,0,21,0,0,0,0,0,406,0,348,0,0,0,0,21,0,0,18,0,0,0,0,0,0,0,0,0,0,0,0,7,0,7,0,0,0,5,0,0,0,0,0,0,0,0,0,0,0,0,159,0,0,0,0,116,0,0,0,0,0,0,0,0,0,4176,Soil
8,0,315,8,89,687,0,0,37,144,0,0,0,0,50,0,396,85,0,967,153,0,0,1245,0,261,12,5,5610,0,0,0,0,5433,10,0,0,0,0,43,0,0,0,0,0,0,0,0,0,0,0,0,0,0,0,0,9,0,0,0,0,0,0,105,0,5,0,0,34,0,0,0,0,0,11,0,24,0,0,0,0,0,0,7,0,0,0,0,3,0,0,0,0,0,0,0,0,0,0,0,0,0,0,35,0,0,0,0,0,0,0,0,122,0,0,0,0,0,0,0,0,7,0,0,1242,0,0,0,0,0,0,0,0,7,0,0,0,0,0,0,0,844,0,0,0,0,0,28,0,0,0,0,67,0,0,0,0,0,0,0,0,0,0,0,0,331,0,0,Soil
9,12706,27803,0,35136,41968,28037,0,2801,12874,6965,0,0,898,2340,0,6393,113016,0,32724,1148,0,3,48,0,197,30,14041,0,22,85278,0,0,0,11,0,39999,0,0,589,0,0,193,0,27964,0,0,12,57,0,0,0,0,0,0,8,1152,8448,86,0,0,0,0,3800,9,13,0,30,3070,1937,0,0,142,0,14,0,0,0,27,311,11,1062,0,0,0,0,0,0,0,0,0,0,0,0,0,455,0,0,0,0,0,0,0,159,0,0,17,0,0,0,0,4,24,0,2,0,0,1812,3289,0,0,0,0,0,0,0,0,6,1095,33,0,324,0,0,0,85,0,0,0,13441,0,0,0,0,0,5011,0,33,0,0,0,0,0,0,0,0,0,0,0,0,0,0,0,0,10,0,0,733,Soil
10,159,45090,106,2495,47066,294,0,1288,21617,0,0,0,247,7,0,8798,2844,5,45261,1148,0,11,213,10,215,250,1472,68,517,2245,0,0,0,2057,0,1558,0,0,15,0,0,6728,0,967,0,0,24,49,0,0,76,0,0,9,0,1712,0,119,0,139,667,0,0,12,125,0,70,4040,3625,0,0,105,0,0,0,0,0,2611,2281,52,2381,0,0,8678,0,0,0,0,0,0,0,0,0,0,739,0,0,0,0,0,38,0,175,0,0,0,0,0,0,0,4,0,0,0,0,0,0,0,0,0,8,0,0,0,0,0,0,143,0,0,0,10,0,408,152,0,0,0,426,0,0,0,0,0,0,0,0,0,0,32,0,0,0,0,0,0,7,0,0,0,0,0,0,668,0,0,816,Soil
11,310,103399,13,10715,105771,347,0,21,49574,0,0,0,518,1572,0,22114,2261,0,130436,2427,1856,4,0,1268,292,52,739,0,2767,1995,1231,21,0,1527,0,928,61,0,42,0,5645,5815,0,579,0,0,65,49,0,0,0,355,0,0,8,2230,3117,432,0,1426,2625,0,5,0,29,0,420,13513,12807,52,4,95,7923,0,0,0,0,101,109,0,7290,0,21,0,0,0,139,0,17,0,0,0,0,0,2445,0,0,0,0,3,0,1,29,25,0,0,0,0,0,0,6,1140,0,200,2701,0,787,0,0,0,0,0,0,0,0,0,0,0,0,0,1202,0,11,0,216,0,0,0,203,0,0,0,0,0,0,0,0,0,0,0,0,1,0,0,0,0,0,0,232,0,0,0,0,0,0,0,2466,Soil
12,42,40364,16,2327,151925,379,19,6579,4126,6,0,0,13964,0,0,4196,5296,0,10451,480,111,0,0,920,8849,1049,635,51,5,0,135,0,0,11,4,0,0,0,167,0,11,73,0,1064,0,0,0,0,0,0,0,0,0,0,0,5,709,46,43,6,0,0,455,0,0,0,5278,0,1101,0,0,0,0,193,0,0,0,0,0,12,792,0,0,0,0,0,0,0,0,0,0,0,0,940,196,0,0,0,0,146,0,0,173,0,0,0,0,0,0,0,0,18,0,0,0,0,0,16,0,0,0,0,0,0,0,0,0,20734,0,0,0,0,113,0,0,0,0,0,0,0,631,0,0,0,0,0,0,0,0,0,0,0,0,0,0,0,124,0,0,0,0,0,0,14,0,0,560,Soil
13,1782,11693,69,21853,165454,7009,0,750,6404,169,4,352,19,23,0,4528,250,0,16567,1775,29,48,0,1652,2360,2206,2367,75374,1813,0,401,634,26515,8,601,1134,538,0,206,0,114,7400,26,1789,152,0,0,20249,0,0,7,0,0,0,0,0,7888,0,1072,123,1610,0,569,5710,1122,0,1958,73,0,0,8593,22816,142,20597,0,1800,0,26,194738,15,0,6,0,0,0,25,2750,0,0,0,66,0,87,0,104,0,0,0,5156,0,31707,0,20,1810,0,0,4,0,1247,0,314,659,0,1850,0,0,0,0,0,0,0,0,0,0,0,0,0,0,0,0,0,0,0,71,0,0,868,0,1114,0,0,0,0,0,0,266,0,0,0,0,8,1261,0,0,0,0,13,12,0,0,0,0,0,22,0,4,0,Soil
14,0,1690,13362,7214,47534,5001,0,7858,18564,0,0,0,15,91,5,22,86723,6,6037,716,0,0,226,24060,68,0,34095,1757,0,66189,42,105,0,7286,0,36437,4603,0,12,0,1669,15797,0,23101,0,0,0,14692,0,0,0,0,0,0,0,0,248,6,0,192,19086,0,103,24,0,0,10,8,121,191,0,3572,0,4068,0,0,0,0,0,0,43,0,0,0,0,0,0,0,0,0,78,0,0,0,258,0,0,0,0,0,57,0,0,20,0,0,0,0,0,0,0,0,0,42844,0,1601,0,0,0,0,0,0,0,0,0,0,0,0,0,0,12,38,0,0,0,0,0,0,10249,0,0,0,0,0,13352,0,0,0,0,4532,0,69,0,0,0,0,0,0,0,0,0,0,0,47,0,0,0,Soil
15,43,9186,91,11985,16771,14,0,733,6356,0,0,0,7,228,0,22,32,0,2110,1843,3338,0,3,0,374,71,49,5838,0,0,2465,0,0,3,0,0,11577,0,0,0,2,4015,0,1536,0,0,0,24,0,0,0,136,0,0,0,1,3090,8,0,186,0,0,13,0,1,0,0,2,280,0,0,0,0,10205,0,0,0,0,0,0,3,0,0,0,0,0,0,0,36,0,192,59,0,0,139,0,0,0,0,0,9,0,201,480,0,0,0,0,0,0,0,19,0,0,0,0,0,0,0,0,0,0,0,0,0,0,2,0,0,0,76,84,3,0,0,0,0,0,0,0,0,0,0,0,0,0,0,0,0,0,0,0,0,0,0,0,0,0,0,0,0,0,0,232,0,0,273,Soil
16,4122,66044,6546,25482,56765,12139,0,57,0,2259,0,0,186,0,0,22615,6395,0,50521,1300,0,9,0,9993,4412,24,9822,0,25,5046,0,11,0,0,97,3408,25,0,2151,0,156,612,34,1549,0,0,0,39974,0,0,0,0,0,0,0,2763,36,0,508,33,899,0,8,233,421,0,4056,7895,0,12,172,34800,0,8380,0,0,0,0,0,0,0,0,0,0,0,0,0,23,0,0,0,0,0,0,0,0,0,0,0,22,0,0,111,0,0,17,0,0,0,0,0,71,0,10985,0,0,0,1161,0,0,0,0,0,0,0,0,0,9,0,0,0,0,3774,0,230,0,0,0,806,0,0,0,0,0,0,0,0,0,0,0,0,336,0,0,0,0,0,0,0,0,0,0,0,0,0,0,0,Soil
17,8,7552,16,2339,3371,194,0,472,10,0,0,0,0,0,0,702,127,0,819,1046,0,7,0,0,0,188,35,10,0,0,0,0,0,148,0,1154,0,0,0,0,0,807,0,0,0,0,0,0,10,0,0,0,0,0,0,0,0,0,1043,11,0,109,0,16,0,0,0,0,0,0,0,8,0,0,0,0,0,29,0,0,0,0,0,0,0,0,146,1117,0,0,0,0,0,0,0,0,0,0,0,0,0,0,0,0,0,0,0,0,0,0,0,947,0,0,0,0,0,0,0,0,0,0,0,0,0,0,0,0,0,0,0,0,14,0,0,0,0,0,0,0,0,0,0,0,0,50,0,0,0,0,0,5109,0,0,0,0,0,0,0,0,0,0,0,0,0,0,0,Soil
18,469,208752,2547,12850,198386,2211,0,70,400,0,0,0,844,2052,0,49906,0,176,154881,3681,2154,4,0,1348,154,39,1728,19134,2,0,113,263,10,0,46,0,4,0,663,0,6268,0,0,0,6,0,0,6417,0,0,0,725,0,0,13,8809,8554,0,0,2529,0,0,2,307,44,0,306,23470,0,0,249,5435,10942,909,0,0,0,0,87489,76,0,0,0,0,0,0,0,0,0,0,0,0,328,0,0,0,0,0,0,6,0,4,124,86,0,0,0,0,0,0,0,92,0,0,0,0,0,5,0,0,0,0,0,0,0,0,8,0,0,0,0,0,0,0,660,0,0,0,0,0,0,0,0,0,0,0,0,0,0,0,0,2488,6,0,0,0,0,0,0,0,0,0,0,0,0,0,0,Soil
19,28,7869,91,3536,56188,212,0,218,4772,0,0,10,0,14,0,2818,2635,9,5726,1171,40,82,0,13911,0,58,915,662,100,954,101,126,0,1795,0,600,571,0,157,0,4703,4168,0,3225,0,0,0,271,0,0,0,0,0,0,9,851,0,0,17,62,33069,11,0,3029,830,0,29,1665,0,435,581,803,165,3121,0,0,0,0,16,0,0,0,0,0,0,304,0,24,9,27,0,0,0,0,103,0,0,0,0,0,29,38,0,0,0,0,0,0,0,0,0,1004,0,988,0,0,0,3,0,0,0,0,0,0,0,0,0,0,0,0,0,0,0,0,75,0,0,0,199,0,0,0,0,0,0,0,0,18,3,0,0,0,0,0,0,0,0,0,0,0,0,0,0,0,0,0,0,Soil
20,597,579,54926,31,1420,301,0,90,223,0,0,0,693,0,0,6819,419,0,87,0,0,19,0,2,0,120,13,1716,0,0,1,0,0,18247,10,2,0,0,13,0,0,5832,0,0,0,0,0,67,0,0,0,0,0,48,0,0,0,0,0,42472,0,0,0,7,6,0,0,0,0,0,2,73,0,0,0,0,0,0,0,0,0,0,0,29,0,0,0,3545,0,0,0,0,0,0,0,0,0,0,8,0,0,0,0,0,0,0,0,0,0,0,4,0,0,0,0,0,0,0,0,0,0,0,0,0,0,0,0,320,0,0,0,0,0,0,0,0,0,0,0,0,0,0,0,0,0,0,0,0,0,0,0,0,0,0,0,0,0,0,0,0,0,0,0,0,0,0,0,Soil
21,78,49299,7593,1549,152716,10718,0,285,190,0,0,0,33,0,0,16159,0,0,44963,1648,0,0,0,28225,8,23,43,1978,0,0,446,643,18371,3682,0,6,6784,0,5861,0,11836,204,0,565,0,0,0,26649,0,0,0,0,0,0,1,1940,521,10,17,88,81152,0,0,466,5,0,35,8725,200,1052,6,36937,0,5357,0,0,0,0,0,0,134,0,0,0,0,0,0,0,0,0,92,0,0,0,44,0,0,0,0,0,0,0,4,66,0,0,0,0,0,0,0,0,0,0,0,0,0,0,0,0,0,0,0,0,0,0,0,0,0,0,0,4,0,0,139,0,0,0,0,0,0,0,0,0,0,0,0,0,0,2446,0,52,7,0,0,0,0,0,0,0,0,0,0,30,0,0,133,Soil
22,76,26239,26279,8649,44851,158,0,4289,14140,9,0,0,120,1185,0,1975,17,0,36737,586,1184,106,0,10640,212,173,722,54,118,0,1319,0,0,7092,0,15,233,0,4221,0,3848,3355,0,48,0,0,0,29,0,11,0,0,0,15,0,2311,0,89,0,3439,8101,0,24,98,11,0,215,1235,2403,75,0,0,5734,111,0,0,0,0,6,0,1911,0,0,0,0,0,0,26,0,0,0,8,0,0,533,0,0,0,0,0,3,0,35,0,0,59,0,0,0,0,0,0,0,659,0,0,0,0,0,0,0,1040,0,0,0,0,13,0,0,0,0,0,0,0,85,0,0,0,0,0,0,0,0,0,0,0,0,0,0,4548,0,0,0,0,0,0,105,0,0,0,0,0,0,441,0,0,378,Soil
23,338,27727,0,28151,159566,1155,0,55,956,0,0,0,6,231,0,8693,16,199,21765,958,222,36,0,4282,0,17,10696,4,34,0,0,4,0,0,751,0,0,0,949,0,719,39,0,0,28,0,0,2748,0,0,0,0,0,0,5,1550,0,0,184,12,0,0,0,12201,14,0,26,4677,0,0,12107,0,1054,69018,0,0,0,0,0,0,0,0,0,0,0,0,0,0,0,0,0,0,0,0,0,0,0,0,0,0,0,17,0,0,0,24,0,0,0,0,0,308,0,9517,0,78,0,0,0,0,11,0,0,0,0,0,1,0,0,0,0,5,81,0,123,0,0,0,0,0,0,0,0,0,0,0,0,0,5,0,0,280,0,0,0,0,0,0,0,0,0,0,0,0,0,0,17,Soil
24,330,2570,15076,125,50113,4677,0,1301,11124,0,0,0,25,0,0,211,744,0,10832,67,0,0,0,17090,0,0,29659,56174,34,43,29,0,60239,15269,0,74,49,0,1601,0,357,8798,0,47,0,0,0,9717,0,0,0,0,0,0,0,0,0,20,0,114,9270,0,0,25,132,0,158,135,345,44,0,3446,0,0,0,0,0,0,0,0,264,0,304,0,0,0,0,0,0,0,6,0,0,0,226,0,0,0,0,0,31,0,0,45,0,24,0,0,0,0,0,51,0,38432,0,0,4123,23,0,0,0,0,0,10,0,0,0,0,0,0,0,0,0,0,0,0,0,0,22,0,0,0,0,0,0,0,0,0,0,5025,0,0,3,0,0,0,0,0,0,0,0,0,0,0,0,0,0,Soil
25,0,528,147,3432,11024,182,0,12,2034,0,0,0,176,13,0,10,2580,298,3873,250,0,0,0,0,0,12,192,0,5,0,7,5,0,0,0,47,0,3,2271,0,0,0,0,0,0,0,0,7838,0,0,0,547,0,0,0,0,4488,23,285,12,0,0,0,46,29,0,0,0,502,0,57,7197,0,168,0,0,0,0,0,0,417,0,0,0,0,0,0,0,0,0,7,0,0,0,80,0,0,0,0,0,0,0,0,0,0,0,0,0,0,0,0,243,0,0,0,0,0,0,0,0,0,0,0,5,0,0,0,0,0,0,0,0,0,0,0,0,0,0,0,0,0,0,0,0,0,0,0,0,0,0,3,0,0,0,0,0,0,0,0,0,0,0,0,0,0,0,0,Soil
26,151,3233,4,2541,100700,798,17,584,3959,0,0,21,1281,5,0,428,348,268,6678,83,0,5,0,0,1379,0,41,18604,160,0,826,1148,12,6,288,0,0,0,0,0,11,97,0,0,0,0,0,4,0,0,0,0,123,318,0,0,3729,60,0,20,130,0,107,172,0,0,2785,0,1299,450,0,0,0,0,0,0,0,0,80886,0,988,0,26,0,0,0,4615,0,0,0,0,0,0,0,278,0,0,0,0,0,0,0,0,4,0,38,0,0,0,0,0,0,0,10,0,0,0,7,0,0,0,0,0,0,0,0,0,1258,0,0,0,0,0,0,0,0,0,0,0,0,0,0,0,0,0,0,0,0,477,0,0,0,0,0,0,0,0,0,0,0,0,0,0,0,0,0,17,Soil
27,53725,165746,19961,3347,123925,894,0,405,10631,0,11,79,160,0,33,19985,888,11,61145,3322,0,58,0,7867,35,678,789,0,40755,736,0,0,0,3,0,329,8,0,3681,0,30,5922,0,541,0,0,0,124,0,10495,4156,0,0,0,0,126932,0,31,0,90,3050,0,29,792,0,0,114,9604,543,0,767,29,0,3664,0,0,0,5,966,451,388,5,0,0,0,0,0,21,0,0,0,5,0,0,184,0,12,0,0,0,38,0,16,6,0,0,0,0,0,0,0,2066,0,101,0,0,68,4,0,0,0,0,0,0,0,0,0,0,0,0,0,16,0,30767,261,0,0,0,125,0,0,0,0,0,0,0,0,0,0,0,0,0,0,0,0,0,0,0,0,0,0,0,3,5,0,0,0,Soil
28,256,699,409,2308,43730,13221,0,508,5899,0,0,0,101,210,0,1431,0,0,10869,154,0,618,157,27127,79,324,49627,28,223,8,0,0,1,1244,224,8,10,0,279,133,0,223,0,0,0,0,0,14473,0,0,0,46,0,16,0,11,11,71,0,4,9,0,74,1027,19,0,29,144,1331,0,533,14,0,3483,4,0,0,0,283,0,1000,0,0,0,0,0,0,114,0,0,0,1170,0,0,227,0,0,0,0,0,0,0,0,47,0,145,0,0,0,0,0,43,4903,60898,0,41,273,0,0,0,0,1226,0,0,5,0,6,0,0,0,0,0,7,0,0,0,5,0,0,0,0,0,0,0,0,0,16,0,0,0,0,0,0,0,0,0,0,0,0,0,0,0,0,186,0,0,0,Soil
29,129,200107,1728,4076,93154,7742,0,1885,27559,0,16586,0,66,52866,9,13273,1638,34941,96531,77621,419,12,1963,12913,2710,21,17597,241,51,0,4546,0,13972,275,52,110,251,0,4671,0,2856,24076,0,16,0,0,0,6899,1307,0,0,8634,71,0,12,2537,4181,27,5633,1535,13176,0,114,98,10898,0,221,6225,499,143,0,11300,2013,0,0,0,0,0,0,4,215,8,0,0,0,0,0,0,0,0,0,0,4,0,467,0,0,0,60,6,68,0,0,28,0,32,0,0,0,0,0,11,0,21256,0,24,209,5,0,0,0,0,0,0,0,0,5,8,0,0,0,0,0,0,226,0,0,0,0,0,0,0,0,0,0,0,0,10330,0,0,0,0,0,0,0,0,0,0,0,3,0,0,0,0,17,0,30,Soil
30,13261,65833,0,25383,38912,30462,0,0,0,7292,0,0,9,104,20,14533,10884,123,48666,1180,153,8,76,0,0,14,58,0,0,8257,0,0,0,26,49,4706,0,0,420,0,324,794,0,2645,0,0,0,997,0,0,0,0,0,0,13,2692,0,145,615,0,146,0,0,38,22,0,144,6616,0,0,0,886,726,0,0,0,0,0,0,0,3,0,0,0,0,1783,0,0,0,0,0,0,0,0,0,0,0,0,0,0,0,0,0,0,0,0,0,22,0,0,0,16,0,0,0,0,14,3581,0,0,0,0,0,10,0,0,0,24,8,0,8,0,0,0,217,0,0,0,1266,0,0,0,0,0,0,0,0,0,0,0,0,0,0,0,0,0,0,0,0,0,0,0,0,0,0,0,0,Soil
31,88,25692,0,1779,18711,162,0,0,0,0,0,0,133742,307,0,5784,0,0,172890,458,345,43,0,1187,6,11,1005,4163,0,0,0,0,0,0,269,0,61,0,80,0,1299,304,0,0,0,0,0,193,0,0,0,0,0,0,8,1054,9,0,0,0,3035,0,279,103,54,0,48,2607,0,28,0,8,1483,0,0,0,0,0,0,0,0,0,0,0,0,0,0,19,0,0,6,0,21,0,0,0,0,0,1946,0,0,0,0,27,0,0,0,0,0,0,0,0,0,646,0,0,0,0,0,7,5,0,28,3,0,0,0,0,0,0,0,0,0,0,83,0,31,0,0,0,0,0,0,0,0,0,0,0,0,0,0,0,0,0,0,0,0,0,0,0,0,0,0,0,0,0,0,Soil
32,40682,137366,0,67302,103093,86799,0,168,0,21668,0,0,0,347,0,30651,173,0,87887,5571,12,1942,0,8881,727,570,260,4277,30,158,360,459,0,49,38,333,9789,0,1555,0,0,15,0,93,0,0,0,3368,0,0,0,0,0,7,10,5340,0,0,0,0,0,0,119,48,27,0,160,14505,0,0,0,2915,0,9580,0,0,0,0,0,0,0,5,0,0,0,0,0,0,0,0,167,31,11,0,0,0,0,0,8,0,0,0,743,0,0,35,0,0,0,0,0,1961,0,102,0,0,38,10982,0,0,5,0,0,0,0,0,0,0,0,0,0,97,107,0,380,0,0,0,35,0,0,0,0,0,0,0,0,0,0,0,0,0,0,334,0,0,0,0,0,0,0,0,0,0,0,0,0,Soil
33,212,91096,3775,2440,78690,1047,0,59,414,0,0,0,32,6,0,39342,423,5,74509,2010,8,0,0,3486,557,33,6477,77,0,21,0,0,0,1786,0,41,11,0,10,0,162,37,0,113,0,0,0,2103,0,0,0,0,0,0,9,3509,0,0,0,2034,811,0,6,1114,816,58,807,11811,138,3,0,0,0,17262,0,0,0,0,0,76,83,0,18,0,0,0,0,0,2,0,81,0,0,439,18,0,0,0,18,0,0,10,0,24,0,0,0,0,0,0,0,62,0,7940,0,0,0,0,0,12,0,0,0,0,0,0,0,0,3,0,0,0,7394,0,291,0,0,0,14,0,0,0,0,0,0,0,0,0,0,1237,0,359,0,0,0,0,117,0,0,0,0,0,0,0,0,0,3,Soil
34,241,71300,0,1382,52693,2082,0,911,5954,0,0,0,96,18,0,17311,0,0,64619,1317,0,30,39,214,0,136,99,2461,0,0,0,0,0,65,13,30,0,44,2099,0,46,53,0,55,0,0,11,1549,0,0,0,4,0,10,0,2387,43,89,4,0,0,0,382,11,57,0,116,8179,1924,0,0,44,2,0,0,0,0,7,299,19,1252,0,0,0,0,0,9,25,0,0,0,0,0,14,353,0,14,0,0,0,0,0,0,0,0,0,0,0,0,0,0,0,0,0,0,0,0,0,0,0,4,0,0,0,0,0,4,0,0,0,9,0,0,0,256,0,0,0,0,0,0,0,0,0,52,0,0,0,0,0,0,0,0,0,0,0,0,0,0,0,0,0,0,0,0,0,0,Soil
35,58,27252,62,227,142286,543,0,14877,0,0,2,0,15,17,0,64498,0,0,16034,1838,0,41,263,6987,2113,414,403,6,58,0,0,0,74,45,0,6,15,0,0,0,78,17,0,44,427,0,16,881,0,7,0,0,0,0,0,327,0,0,0,10,157,0,2348,47,0,0,2138,0,0,8,12,123,22,0,0,67,0,10,0,54,0,15,1129,0,0,0,83,34,241,0,0,5,0,0,0,0,0,0,0,0,0,0,45,0,0,49,0,0,0,0,6,0,0,8,0,0,19,10,0,0,0,0,0,0,0,0,5,0,0,242,0,0,0,0,0,0,0,0,0,0,0,0,0,0,0,0,0,0,0,0,0,0,0,0,0,0,0,0,0,0,0,0,0,10229,0,0,0,Soil
36,99,179,3191,34676,100915,40630,0,61,2304,6971,0,0,62,0,0,59,309,0,45918,1295,0,11636,0,0,233,39,8248,107,699,0,0,25,25,27,295,0,1,0,46,0,83,92,0,3,0,0,0,2,0,35,0,0,0,181,0,548,1501,38,0,4029,16,0,9,9076,0,0,14,28,749,0,8105,0,0,42551,0,0,0,35663,258,0,369,10,1,0,0,0,2642,0,4,0,0,0,0,0,120,0,0,0,0,1,0,2,0,2,0,0,0,3,0,62,0,0,0,0,0,0,0,0,0,0,0,4,0,59,0,0,0,0,0,0,0,0,3,0,0,0,0,0,0,0,0,0,0,0,0,3,0,0,0,0,0,2,0,0,0,0,0,0,0,6431,0,0,0,7,0,0,0,Soil
37,117,6195,120,8607,14820,135,35,94,3899,0,0,0,74,3,0,7,0,0,6600,31,0,0,5,7,1886,298,347,50,2885,0,4,0,0,0,0,0,0,0,17,0,65,62,0,0,0,0,0,477,0,9,0,0,0,5,0,32,0,39,0,0,27,0,80,64,0,0,1730,0,934,2,62,36,16,132,0,0,0,0,92,3,551,9,0,0,0,0,41,0,0,0,227,0,0,2,204,0,0,0,232,0,0,2,14,45,0,2,0,0,0,0,0,0,0,0,0,5,0,0,0,0,0,0,0,0,0,0,0,0,0,0,0,0,0,0,0,0,0,4,0,0,0,0,0,0,0,0,0,0,0,0,0,0,1,0,0,0,0,0,0,0,0,0,0,0,0,0,434,Soil
38,465,196767,18760,27993,218431,97,0,1082,107324,0,0,0,0,15216,0,54284,119,7,157280,4100,0,38,40,12574,0,140,19,685,0,0,0,0,0,582,82,83,548,0,0,0,2562,20620,0,0,0,0,0,9,0,0,0,0,0,0,26,7946,4,0,0,221,25356,0,5,39,55,0,461,26020,0,365,0,4,8682,0,0,0,0,52629,0,0,0,0,0,0,0,0,0,0,3,0,0,0,0,0,304,0,0,0,0,6,80,0,0,0,0,0,0,0,0,0,0,356,0,0,0,0,311,0,0,0,4,0,0,0,0,0,3,29,0,0,0,0,4,0,671,0,0,0,0,0,0,0,0,0,0,0,0,0,0,0,0,0,0,0,0,0,0,0,0,0,0,0,0,0,0,0,30,Soil
39,316,1639,83241,2613,99273,834,0,1601,82638,0,0,0,1893,389,0,0,0,0,103829,141,182,42,0,59552,14,220,499,7,211,0,116,59,0,0,1824,0,6,0,30136,0,63,75,0,1609,0,0,0,1353,0,25,0,0,0,0,0,0,0,1033,0,5,0,0,234,2264,0,0,0,0,26283,0,0,1251,0,0,0,0,0,0,0,0,15470,0,167,0,0,0,0,0,0,0,0,579,0,0,5571,0,0,0,11,0,0,0,6,0,0,0,0,0,0,0,0,4,0,0,0,0,0,0,0,0,0,0,0,0,0,0,0,0,0,0,77,0,0,0,0,0,0,0,0,0,0,0,0,0,0,115,0,0,0,0,0,0,0,0,0,0,52,0,0,0,0,0,0,16,0,0,0,Soil
40,106,39992,4672,3025,137027,1386,0,2155,146,0,0,0,281,6,0,11685,303,0,34470,1320,5,9,0,7,788,856,176,49739,66,28,0,0,35686,0,9,3,4,0,0,0,162,164,0,149,0,0,6,3561,0,0,0,0,0,0,0,821,2921,0,0,345,0,0,0,433,12207,0,2252,5922,0,0,238,3354,0,1091,0,0,0,9,54756,154,0,0,0,0,0,0,10,0,0,0,0,0,0,0,0,0,0,0,0,2,0,0,0,0,0,32,0,0,0,0,3,0,0,11,0,0,0,0,0,0,0,0,0,0,0,0,6,0,0,0,0,0,0,2,134,0,9245,0,0,0,0,0,0,0,0,0,0,0,0,0,0,343,0,0,0,0,0,0,0,0,0,0,0,44,0,0,0,Soil
41,0,1589,1565,88,12973,152,0,515,0,19,0,0,0,0,0,12,0,0,3796,419,0,6,0,1395,56,155,27,101,5,0,9,0,0,7130,101,0,33,30,525,0,207,0,0,0,13,0,0,91,0,0,0,0,0,0,0,0,0,0,0,5,2230,0,20,55,112,0,5,0,0,14,0,76,6,0,0,0,0,0,14,0,0,0,0,0,0,0,14,0,13,0,0,115,0,0,0,0,0,0,0,0,0,0,37,0,0,0,0,0,0,0,0,257,0,0,0,0,3603,3,0,0,4,0,0,0,0,0,0,0,0,0,0,0,0,0,0,0,0,0,0,0,0,0,0,0,0,0,0,0,0,0,0,0,0,0,0,0,0,0,0,18,0,0,0,155,0,0,0,Soil
42,467,71390,66,6743,133572,14012,107,92,240,0,0,0,98,0,184,22776,21,0,52093,3180,0,15,0,22227,563,2220,4518,8616,22,0,10,3,841,4213,177,685,927,0,0,0,5730,9,0,0,0,0,0,33273,0,0,0,0,0,0,64,4671,5,0,629,0,45501,17,0,115,30,0,581,6912,0,676,0,25913,10,11253,0,0,0,0,0,0,0,0,0,0,0,0,12,0,10,0,0,1680,0,0,0,24,0,0,3,0,8,0,0,0,14,35,0,0,0,0,0,739,2005,3592,0,0,579,0,0,0,0,0,0,0,0,0,3,121,0,1262,0,0,6930,0,244,0,0,0,0,0,0,0,0,0,0,0,0,0,0,45,0,5223,0,0,254,0,0,0,0,0,0,0,0,0,0,0,0,Soil
43,280,18704,8,8081,187855,0,0,1451,7,12,0,0,1642,12152,0,8519,2065,0,34850,4,0,0,0,0,1374,0,3371,159051,0,0,25044,38210,160123,0,1337,0,6,220,0,0,2,4731,0,1029,0,0,0,0,0,0,0,0,0,0,0,0,44029,0,0,13,0,17,14867,596,0,0,1697,510,0,0,0,0,2584,0,0,0,0,0,0,0,0,8,0,0,0,0,0,2751,0,0,0,0,0,0,10,0,0,0,0,0,5,0,0,0,0,0,0,0,0,0,0,2,0,0,0,0,0,13,0,0,0,0,0,0,0,0,0,2020,0,0,0,0,0,0,0,0,0,0,0,0,0,0,0,0,0,0,0,0,0,0,0,914,0,0,0,0,0,0,0,0,0,0,0,3,0,0,413,Soil
44,349,131004,28,1782,108686,1488,0,169,1455,0,0,0,0,0,0,34282,86,0,98772,2060,0,0,9,16,0,1571,5228,10284,0,0,13,0,8620,0,0,432,0,0,0,0,0,1327,0,63,106,0,0,6225,7,0,0,0,0,0,5,6002,0,14,0,258,17,0,7,0,14,0,137,16481,0,0,0,471,0,0,0,0,0,0,0,0,0,0,0,0,0,14,0,0,0,0,3101,0,0,0,29,0,0,0,33,0,10,0,0,0,0,0,0,0,0,0,0,139,0,0,10,0,0,0,0,0,0,0,0,0,0,0,0,0,0,0,250,0,0,0,468,0,0,0,0,0,0,0,0,0,0,0,0,0,0,0,0,878,0,0,0,0,17,0,0,0,0,0,0,45,0,0,0,Soil
45,20,2945,31,2072,85558,62,0,30704,19881,0,0,0,1261,952,0,979,190,0,46778,241,0,11,181,18,6,0,245,26,61,0,3870,128,0,0,304,1840,0,0,63,0,7,627,0,0,0,0,0,1685,0,3,0,0,0,9138,0,0,3342,207,519,20,0,27,1181,190,0,0,0,0,6559,0,0,1206,0,0,0,0,0,15,0,45,2944,3754,0,0,0,0,0,592,0,0,0,12,0,0,1407,0,0,0,0,0,0,0,3,113,0,35,0,0,0,0,0,0,0,6,0,0,0,0,0,0,0,0,0,0,0,0,0,1149,0,0,0,0,0,0,5,0,0,0,0,0,0,0,0,0,0,5,0,0,0,0,0,319,8,0,0,0,0,0,0,0,0,66,0,0,0,0,6,Soil
46,139,66217,43,8334,141164,5225,0,451,18,0,0,0,24,30,0,31745,0,409,76475,10967,0,232,0,12885,3,69,23,2872,42,0,181,0,11,33579,0,1368,6702,0,18,0,4314,117,5,38,0,0,0,40,116,0,0,403,0,357,8,2584,2921,0,0,118,35082,0,14,195,1520,0,94,5928,51,428,0,455,0,5893,0,0,0,0,0,0,0,7,0,0,0,0,0,28,18,0,107,5,0,0,0,0,0,0,0,0,0,0,0,2,0,17,0,0,0,0,0,0,53,3,0,0,13802,5,0,0,0,182,0,0,0,0,3,0,0,0,0,207,0,0,204,0,0,0,0,0,0,0,0,0,0,0,0,0,0,120,0,0,0,0,0,0,0,0,0,0,0,0,0,300,0,0,141,Soil
47,123,24873,102,1697,55800,4270,0,3986,13568,0,0,0,18,709,0,19274,90,0,32817,836,147,453,0,20268,23,54,24900,4179,0,0,0,0,0,718,0,3862,252,0,0,0,1907,23197,0,0,0,0,8,7506,0,0,0,0,0,0,2,830,13,19,460,78,13494,0,0,0,34,0,46,3018,680,170,3,88,619,10,0,0,0,12,0,0,285,0,0,0,0,0,3,6,0,0,0,0,0,0,306,0,0,0,0,0,33,0,0,0,0,0,0,0,0,0,7,122,0,29794,0,0,407,0,0,0,1,0,0,0,0,0,3,0,0,0,0,0,0,0,61,0,0,0,0,0,0,0,0,0,0,0,0,0,0,0,0,1049,0,0,0,0,53,0,0,0,0,0,0,2675,0,0,0,Soil
48,6024,183,35,76,14044,24313,0,333,3010,0,0,0,0,0,2266,24,18,0,409,58,0,9,102,12858,0,0,2550,0,1225,0,0,0,321,0,0,0,240,0,151,0,1297,2573,0,1,10632,0,0,1,0,0,0,0,0,0,1,0,13128,0,0,47,10960,25,0,15,4,0,0,0,0,181,0,361,0,0,0,0,0,0,0,0,0,0,85,0,0,0,0,21,0,0,0,0,0,0,55,0,0,0,0,0,6,43,0,4,0,15,0,0,0,0,0,49,0,2061,0,0,0,2,0,0,0,0,0,8,0,0,9,0,0,0,0,0,0,4,0,0,0,0,0,0,0,0,0,0,0,0,0,0,0,0,0,0,0,0,0,0,3,0,0,0,0,0,0,0,0,0,0,Soil
49,429,2659,1,1092,59719,1756,0,140,46678,0,0,0,799,327,0,9433,20,0,63880,1141,34,12,5,1799,1137,1363,3109,765,8,0,0,21,40,8,136,3703,128,0,47,0,89,499,0,89,3,0,0,1023,0,0,0,0,0,0,0,0,104,633,2931,178,0,0,10,56,0,0,1211,9,16102,0,0,0,49,100,96,0,0,0,1333,0,9323,0,0,0,0,0,0,0,48,0,0,0,1613,0,3527,0,0,0,213,0,0,0,0,0,0,0,0,0,0,0,0,741,0,4000,0,37,0,0,0,0,9,0,0,0,0,0,0,0,0,0,0,0,0,0,0,0,0,0,0,0,0,0,0,0,0,0,0,0,0,0,0,0,0,0,0,0,0,0,0,0,0,0,0,0,0,0,0,Soil
50,182,48284,0,3290,32301,1526,0,74,6,0,0,0,56,86,0,9786,0,4,34804,7471,153,8,0,6,0,12,169,0,52,30,47,0,1446,3,0,804,0,0,386,0,332,55,0,0,0,0,0,10,0,0,0,0,0,0,8,2176,513,0,0,67,0,0,0,44,39,0,71,4975,0,0,0,1033,416,9,0,0,0,0,0,36,0,0,0,0,1387,0,0,0,1838,0,0,0,0,0,0,0,0,0,0,0,0,0,0,0,0,36,0,0,0,0,0,3498,0,44,0,0,17,0,0,0,8,0,0,0,0,0,0,0,0,0,0,0,0,0,173,0,0,0,0,0,0,0,0,0,0,0,19,0,0,0,0,779,0,0,0,0,0,0,0,0,0,0,0,4,0,0,0,Soil
51,199,38559,159,4814,34944,7946,0,1761,0,0,0,0,1840,0,0,8384,6151,0,33435,2418,102,11,0,15231,3,991,32786,7,37,4286,89,7,0,0,1694,2378,0,0,0,0,411,565,0,1514,0,0,0,10274,0,16,0,0,0,14,0,1942,0,0,3272,10,0,0,214,745,12,0,69,4276,0,0,0,434,0,8,0,0,0,0,0,0,0,0,0,0,0,0,0,0,0,0,0,10,2608,0,0,0,0,0,0,0,0,0,0,0,0,26,9,0,0,0,0,1364,0,43092,0,0,0,0,0,0,0,0,0,0,0,0,0,2642,0,0,0,0,0,0,145,0,0,0,709,0,0,0,0,0,0,0,33,0,0,0,0,322,0,0,0,0,0,0,0,0,0,0,0,0,0,0,0,Soil
52,672,139797,2677,15984,67861,842,0,1072,154,0,0,0,100,318,0,19495,2072,6,73318,1540,392,69,250,0,1014,922,0,0,45620,18,8,6,0,5,0,2308,7,0,0,0,1230,113,0,5,0,0,0,11,0,0,0,0,0,0,0,2530,7,5,0,24790,0,0,0,0,8,0,105,9784,73,7,0,0,1707,80,0,0,0,0,0,0,19,0,0,0,0,0,0,0,29,0,0,389,0,0,3,0,0,0,4,0,0,0,110,14,0,0,0,0,0,0,0,0,0,0,0,0,0,7,0,0,0,0,0,0,0,0,0,28,1594,0,0,0,37,0,266,0,0,0,0,0,0,0,0,0,0,7,0,0,0,0,0,0,0,0,0,0,17,0,0,0,0,0,0,164,0,0,0,Soil
53,92,3659,1027,7133,57068,197,0,5312,1657,0,0,0,33,1739,0,1147,3469,11,73132,8983,1871,22,0,617,821,126,24,25,0,3046,0,0,0,0,7,2011,0,0,366,0,7230,1242,0,1014,0,0,0,142,0,0,0,0,0,0,0,0,0,32,0,0,0,0,12353,36,0,0,231,823,610,0,0,168,8773,0,0,0,0,0,0,214,384,0,3955,0,0,0,0,0,0,0,7,45799,0,2,137,0,0,0,0,6,0,4,711,0,0,0,0,0,0,0,0,63,0,0,0,0,0,0,0,0,0,0,0,0,0,0,0,0,0,0,0,0,0,0,4,0,0,0,419,0,0,0,0,0,0,0,0,0,0,0,0,8,0,5,0,0,0,0,0,0,0,0,0,0,0,0,5,Soil
54,34856,34287,4662,97430,83341,4276,100,1129,17959,0,38,0,81,3,0,32,79,0,74284,12221,12,361,0,22500,710,9829,32694,19024,41,0,20,0,233,2456,0,8380,432,0,75,0,2979,11933,0,75,0,0,0,8501,0,0,0,0,0,0,0,6253,0,47,0,34335,23830,0,0,24,8,0,198,0,1191,268,0,169,0,6,0,0,0,0,25,0,856,0,5,0,0,0,0,62,0,0,0,52,0,0,1125,0,0,0,6,0,53,0,59,0,0,26,0,0,0,0,0,237,0,41241,0,0,24,0,0,0,0,31456,0,0,0,0,0,22,0,0,0,299,0,0,0,0,0,0,0,0,0,0,0,0,0,0,0,0,0,1507,0,0,0,42,0,0,0,0,0,0,0,0,0,315,0,0,926,Soil
1,107,12472,147,694,1803,32,4,60,0,0,0,115,5737,0,0,2429,605,0,554,0,8,3,15,1,0,5,5,37,0,8,3966,0,118,97,0,679,0,0,0,0,0,91,0,130,0,0,0,2207,10,4,0,0,0,0,0,18,7397,0,0,1167,1,0,0,108,0,0,0,0,0,0,0,24,0,16,0,0,0,0,0,52,0,0,0,105,0,0,467,0,0,0,0,0,6,0,0,0,0,0,0,1,0,2,0,46,0,110,0,0,4,6,0,0,0,0,48,0,0,0,0,0,0,0,0,0,0,2,0,348,0,0,0,0,0,0,4,10,0,0,0,0,0,0,0,0,0,0,0,0,0,0,7,0,4,0,0,0,0,0,0,0,0,0,0,0,0,0,0,Water
2,872,68173,1007,74500,102314,4281,27,628,62,29,0,3212,685,4345,685,800,2625,61,5452,0,78,1218,45,44,3680,171,8507,31399,0,12,48,59,267,27,0,12,0,0,17,203,70,792,0,330,8370,438,43,5045,0,0,0,1691,0,0,408,83733,3480,644,955,2674,237,0,84,60,345,0,0,0,0,1678,0,711,0,138,0,0,0,0,0,25,58,0,0,0,4629,2338,326,0,6526,0,3035,0,0,0,0,0,0,0,2023,3,0,968,0,354,0,0,0,798,0,6,217,2,0,1768,137,67,0,2718,0,0,39,0,11,0,0,0,0,127,70,0,0,0,73,0,0,2922,10,0,0,2061,0,0,8,0,0,0,10,0,0,0,0,0,31,0,0,0,0,0,0,825,0,0,0,485,0,0,0,Water
3,902,17408,63,137197,136475,23327,2286,4204,0,0,0,286,1845,13619,401,10122,43160,4782,31902,15210,0,4133,1434,0,14205,20,26297,19,3950,19,5,488,814,0,0,68141,230,0,5,0,58,7307,0,0,0,0,3118,12613,91,93,0,0,0,0,0,89,9,35989,254,165,134,5,1745,2208,248,0,164,79,0,0,0,3593,0,185,0,0,106,0,0,76,0,19,0,156,0,141192,32651,0,8,0,7,0,0,145,0,0,0,0,0,16764,180,0,0,8082,0,8,0,105,0,0,11,0,0,5325,24,0,0,339,0,0,0,0,0,11,0,0,64,25,3955,0,0,190,147,0,0,24,125,0,0,0,0,0,0,0,0,13,0,0,0,0,73,0,631,0,0,0,0,0,0,0,0,0,68,0,0,0,0,Water
4,1807,21638,60,61092,70340,7985,323,1431,17,444,27,455,2019,57,2768,1866,1761,1317,20476,7935,188,57,160,391,371,0,32034,415,1446,44,9,2361,685,4567,0,54,2,0,20179,0,263,616,0,21896,56,0,1467,12810,0,1,1854,0,0,203,0,716,1540,293,291,2197,995,4780,57223,4027,8073,0,2826,397,51,507,29,11118,0,2224,4,1416,0,8543,125,12,41,80,9,3879,0,110,435,0,0,0,212,495,0,487,0,0,0,0,0,0,0,0,16,423,0,0,0,0,3,334,30,0,0,78,169,5869,7379,348,0,3012,15,0,0,185,0,10,12,97,0,225,0,0,90,0,0,445,0,0,0,0,0,47,147,0,475,0,0,0,0,0,559,292,28,7106,0,0,0,0,0,0,0,0,0,0,0,0,0,Water
5,177,97115,1104,18494,22017,28362,7109,122,4,0,0,8985,27270,3685,13,5212,345219,11,10805,194,13,238,6398,0,2485,558,1224,91,30,0,9,36,233,41,0,65,867,0,6060,34,401,49835,5,577,26,0,0,552,2140,40,0,0,0,7086,0,1649,103,128,841,21416,21,3,0,30,3675,0,5,6,0,0,25,339,0,2973,4,22,0,7,0,28,0,132,0,0,0,2291,268572,10,0,0,0,0,0,49,0,45,5,0,0,1665,12,0,0,82,0,0,0,0,0,31,17,206,0,1253,23,0,0,403,0,0,0,0,6,0,0,0,1016,387,0,0,0,0,0,6,1,13,2880,0,0,0,0,0,31,0,0,27,0,0,0,0,8562,0,3,0,0,0,0,0,0,96,0,0,0,0,0,0,0,Water
6,1768,12859,28,90885,294932,3430,117946,17315,55,0,0,78971,88,46832,24,50,552,9,153613,3253,5,7305,14,79,33803,5,3321,243,0,0,3,0,2773,1187,0,0,42,0,38644,8,87,209,0,197,7,5,0,139,0,4,0,0,0,1609,0,230,2708,80,41,96,6,0,114976,189,5,0,904,73,10,59,0,152,0,564,0,0,0,6,0,363,29,36,0,27,0,412,477,0,0,0,0,0,0,0,0,0,0,0,0,1554,0,230,5,242,5,1,0,46,52,0,4,0,0,17661,0,0,0,45,0,0,0,0,254,0,0,12,19249,58,5,0,0,0,0,0,0,0,0,0,0,0,0,0,0,0,0,0,0,0,0,0,0,0,0,0,0,0,0,0,0,0,0,0,20,0,0,0,0,Water
7,80,2584,57,728,5690,268,31,52,0,0,0,11,97,0,21,1658,4431,0,136471,0,0,18,112,0,0,0,489,0,0,0,0,29,4,109,0,0,276,0,6,0,0,671,0,568,2,0,64,68577,0,0,0,0,0,0,0,65,13,0,0,2,0,0,0,523,39,0,164,82,0,0,18,108740,0,19,0,15,0,20259,0,131,0,0,0,0,0,5,3216,0,478,0,18,0,127,0,0,0,0,0,0,131,18,129,0,7731,0,14,0,1,0,0,1,0,0,0,0,0,0,0,0,0,552,0,0,0,0,0,5,113,0,0,0,0,0,0,1,0,56,583,0,0,0,0,0,0,0,0,0,0,0,0,0,0,652,0,0,0,0,0,0,0,0,0,9,0,0,0,0,Water
8,373,23061,1362,6808,215722,5869,416,100,0,0,0,2931,351,1095,187,913,50568,0,25004,10112,0,1958,978,9,2317,101,134369,376,12,31,10,3,376,380,0,48,0,0,184,0,727,10516,0,1233,0,0,47244,20704,26,229,0,0,0,79,0,131,71,39,189,212,1801,0,15,829,223,0,0,0,0,0,9,4880,0,116,0,0,1531,691,0,135,29,164,0,0,0,1821,36629,0,0,0,7050,0,0,197,0,0,0,0,0,3527,187,19,0,538,0,18,0,0,15,0,0,416,0,11,72,67,4,572,0,0,1790,13,0,0,0,13,0,0,0,0,0,0,0,0,0,604,526,0,15,0,0,0,7,0,0,0,0,0,0,0,0,0,22,0,0,0,0,0,0,0,0,0,0,0,0,0,0,Water
9,3475,18232,7430,107630,137434,5553,3765,2433,0,0,221,17648,1648,5216,140,16832,13288,282,32284,19847,604,486,90,2540,3541,13473,5611,483,8796,0,46,67,2846,3953,13375,1132,8973,11,62677,71,42,177,0,3662,66,0,1698,29029,12123,435,0,0,0,0,0,206,2715,1007,192,10229,5351,3622,117927,1164,425,0,4175,16136,0,53,0,2346,0,492,17,410,61,544,0,1518,0,3,0,212,0,11178,1103,0,96,0,0,0,19,53,0,0,13,406,0,287,0,120,0,22064,0,0,0,238,0,1040,53,457,0,1649,1321,798,709,7125,0,0,5,0,57,0,0,8,604,2524,74,0,0,15,19,1331,39,0,1230,101,0,0,0,0,29,0,224,15,0,0,0,0,217,437,1417,0,0,195,0,0,0,0,772,0,0,0,0,0,0,Water
10,675,2336,2829,4495,10464,1037,136,755,0,0,32,8498,675,6,0,60,7888,0,1153,0,30,0,96,13,40,6068,722,42,0,8,50,0,0,421,0,0,12,0,0,0,0,297,0,4,7,0,0,534,56,0,0,51,0,0,8,31,79,251,0,218,0,66,0,3,92,0,689,0,0,25494,0,792,0,87,0,0,29,164,0,0,205,0,1283,0,0,206,817,0,0,0,0,0,0,18,0,0,0,0,0,0,0,1,0,89,94,0,0,0,16,0,0,3,0,0,0,0,0,0,0,0,0,0,0,0,0,54,17,13,0,0,0,50,0,0,0,0,0,0,0,0,0,0,0,0,0,0,0,0,28559,0,0,0,7,0,0,0,0,0,0,0,814,0,24,0,0,0,0,Water
11,61586,19861,30393,36230,193617,15653,5552,13748,0,0,0,104597,2632,8872,422,470,91816,0,38044,584,4934,7160,179,5412,8196,4370,160260,416,6,0,317,5,2449,200,0,12,435,0,6351,0,862,7736,0,1634,7792,0,39518,1624,0,100,0,0,0,20,11,0,8370,2659,0,1611,1229,9,39,1114,108,0,196,4971,1380,0,0,679,0,13241,48,0,1233,0,0,3,24,38,0,33,0,128,5566,0,0,0,34,0,736,0,0,0,0,0,0,4681,177,946,0,664,0,54,0,13,357,10376,416,607,0,3937,0,8,0,48,0,0,130,0,0,24,0,1,772,61,0,0,246,0,37,0,0,50,116,0,0,0,0,0,15,0,0,30,189,0,0,0,37,0,24,0,0,0,0,0,0,0,0,0,5021,0,0,0,0,Water
12,226490,16420,9911,114321,91093,4511,3369,4292,0,0,0,33357,18223,5223,3,3103,41910,0,22566,138,2291,2277,300,4772,4827,1630,206241,9,102,0,663,0,1027,261,0,0,1759,0,4092,0,2,7874,0,1893,12732,36,6702,619,7,91,0,0,0,0,0,5,6910,946,6,10554,252,0,86,459,1149,0,154,2971,1179,0,1,695,0,56928,16,34,169,8,5,0,2,9,21,325,0,7,12659,0,77,0,0,0,173,0,0,0,0,0,0,1065,0,210,0,169,0,206,0,40,179,6393,67,837,0,2272,158,11,0,11,0,0,7753,0,0,0,0,9,356,6,0,0,0,0,42,0,0,18,1275,89,0,0,0,0,0,0,0,0,0,0,0,0,4943,0,0,0,0,0,0,4,0,0,0,0,20608,0,0,0,0,Water
13,221,106748,1438,72401,79453,464,384,165,2,1,10,4548,2750,88,78,135247,63398,0,10258,1200,11,46,1157,111,81,230,666,46,0,0,74,0,51,11543,0,167,3809,0,3817,0,0,9868,0,3158,6,0,112,17337,141,12,0,0,0,8485,0,111,2304,106,27,991,0,2,2715,18,62050,0,2297,449,0,0,1381,724,0,11,0,0,3,204,0,13175,75,0,80,4,0,211,44650,0,0,0,603,0,21,0,0,0,697,0,0,35,18,22,0,12753,132,75,0,0,0,0,3,19,0,22,6,0,0,23,0,0,0,0,0,566,0,0,0,55,0,0,0,0,5,0,0,11,4737,0,0,0,0,0,2,0,0,0,0,0,0,0,534,126,942,0,0,0,0,0,0,3,18,0,3,0,0,0,0,Water
14,118,25,0,196506,284335,4,0,0,3,0,0,0,0,0,3,2,0,2,20,9,12,38721,0,33,444,2,99,1,4,0,0,16,0,1,0,0,3,0,0,0,0,31,0,2,0,0,4,0,0,3,0,0,0,0,0,0,0,0,0,77829,146938,0,0,0,0,0,0,0,13,0,1,0,0,2,2,0,0,0,0,5,7451,0,0,0,0,0,0,0,0,0,0,0,0,0,0,0,0,0,0,0,0,0,0,0,0,0,0,0,0,4,36,0,0,0,0,0,0,0,0,0,0,0,0,0,0,0,1,0,0,0,0,0,0,0,1,0,0,0,0,0,0,0,2,0,0,0,0,0,0,0,0,0,0,0,0,0,0,0,0,0,0,0,0,0,0,0,0,Water
15,454,300,1739,4482,17399,2389,217,192,0,1524,21,5506,488,0,25,424,4904,0,9133,97,0,0,1,39,7,252,787,19,17,0,0,0,54,26,0,1961,0,0,988,0,0,732,0,9304,0,0,37,24573,0,0,0,0,0,20,0,0,82,183,0,13000,4,13,2565,421,5007,0,492,6,0,0,0,409,0,99,22,0,0,11,0,0,28,0,0,0,0,0,16,0,0,0,20,0,0,0,0,0,0,0,0,850,19,0,0,5,0,137,0,729,314,0,67,0,0,13,34,304,0,0,0,0,15,12,0,17,0,7,15,77,0,0,0,0,0,0,18531,0,3766,0,0,0,0,0,0,0,0,27,0,0,0,0,3,0,0,0,0,0,0,0,0,0,0,0,19,0,0,0,0,Water
16,9837,50572,535,16276,213712,4648,36128,20346,0,20,224,2369,11378,2601,0,5234,70425,92,27382,3349,4407,84,1330,107,2908,61,10643,9544,0,0,2829,0,10,24,0,54,6076,0,4885,5647,0,10340,0,12309,26,0,507,126,0,0,0,1093,0,700,34,0,361,2482,135,10004,108,13,34,5,38658,0,3219,0,0,0,0,171,0,13,0,0,28,48,0,32,56188,31,0,5882,0,673,56658,23,0,0,52408,0,0,0,0,0,0,0,92,1556,0,679,18,807,278,1180,0,6,0,7703,46,39,0,1349,0,0,24,125,0,0,31232,0,0,48364,0,10,2036,235,0,0,13,0,26,0,0,106,20085,0,0,0,0,0,0,0,0,20,8,0,0,0,4355,69,0,0,0,0,0,0,0,0,0,0,0,0,0,0,0,Water
17,1586,14253,1034,9406,105202,2627,52268,15930,66,0,53,38354,711,77908,0,16332,37251,0,5487,878,110,8492,505,2397,56329,389,7266,28,52,0,66,0,3257,264,0,505,1897,0,3541,9,0,5787,0,5586,9,0,153,354,59,22,0,0,0,19,0,3,390,81,107,1275,70,0,10,130,524,0,521,0,536,0,0,152,0,17,0,302,0,91,20,47,107,86,882,50,0,59,28199,0,0,19,0,0,105,0,391,0,0,0,0,1629,0,184,0,777,0,955,0,21,3,290,7,258,0,29473,39,0,35,93,0,0,6817,0,196,0,0,0,8742,468,0,0,0,0,25,0,4,23,8329,0,0,19,0,2,0,0,0,275,0,0,0,0,188,0,0,0,0,16,0,0,0,0,0,71,11,0,0,0,0,Water
18,724,45770,16,15830,52223,1274,99,26,106,113,0,83,2446,1732,577,20379,153222,31,56096,0,0,224,3194,1592,821,0,3389,75,0,0,23484,0,49,1775,1712,825,0,0,5433,22282,348,23310,0,15387,2680,0,648,22298,0,10,4,0,0,0,0,6,976,21,0,2599,25,16,8,13282,439,0,926,1649,0,0,0,35762,0,459,0,0,32,9788,0,28718,13,0,0,73,0,837,117269,0,0,0,15,0,0,80,0,0,0,25,0,0,0,8,0,2309,7,0,0,5,0,0,1,0,0,28,0,27,33385,47,0,0,13402,0,0,8,0,20,11,1924,0,0,0,1300,33,0,1,0,176,0,0,0,0,0,9,0,0,11,0,0,0,0,0,0,5,0,0,0,0,0,0,0,0,0,14,3,0,0,0,Water
19,6704,28169,3805,32873,120011,13211,419,776,282,2504,0,9914,2076,86,118,760,79137,25,37840,163,62,680,1427,6194,450,400,13019,1461,0,159,1969,41,2458,692,28,146,0,0,432,0,389,18204,0,6831,4770,0,50,12911,0,7,129,0,0,13,0,28,2449,243,712,2304,107,24,111,7235,1032,0,1206,2,1317,84,32,10261,21,991,12,0,28,456,147,748,192,0,0,86,0,40,53895,0,552,0,30,66,28,12,0,0,0,0,0,8,0,2424,0,339,0,1493,0,0,194,91,175,0,0,12,535,803,1896,1132,0,0,41758,0,0,0,0,0,0,25,280,0,6,61,164,0,720,0,0,0,29,0,0,51,113,0,0,0,0,0,0,23,759,0,0,0,16,0,0,0,0,0,0,0,13,0,0,0,0,Water
20,891,5666,5203,36362,197604,1568,217,2612,9,0,0,23448,40374,144,12,1308,14410,8,130676,2,9,29,86,243,8,6732,1843,2514,5,0,278,13,145,26,0,0,32,0,88,0,8,7310,0,47,92,0,138501,3054,833,15,0,0,0,47,0,0,4,461,0,28726,51,0,1691,11,19721,0,8,0,0,0,0,2361,0,154,19335,0,6,659,25,37,10167,0,5,235,0,694,0,23,0,0,0,0,0,598,0,0,0,78,0,235,0,0,0,19,281,0,0,0,0,27,14,0,0,6,26,376,0,0,0,0,8,0,0,0,0,23,25,38116,0,0,324,0,0,334,5,0,11076,0,0,0,0,0,9,0,0,0,0,2,0,0,14639,643,0,0,0,0,0,0,0,0,0,0,22,0,0,0,0,Water
21,6860,4567,0,6350,282559,2953,128,12236,0,0,0,78,526,68,61,830,280,227,221915,4,0,3690,0,4090,184,0,12266,3,0,4,0,13,1216,4,0,50,0,0,4,0,3,5478,0,498,0,0,282,2089,0,2,0,0,0,2,0,734,0,1179,0,124,1,0,0,161,0,0,0,17,911,30,10,1452,2,613,0,0,0,7,33,936,127,2329,0,893,0,3757,29,0,0,0,0,0,0,0,0,0,0,0,0,0,0,52,0,165,0,10,0,528,49,0,777,0,0,35,26,320,268,1512,1278,0,16,0,0,0,0,0,18,0,69,0,0,0,165,0,9,0,0,0,24,0,0,0,7,0,0,0,0,0,0,0,19,0,8,0,0,0,0,0,0,0,0,0,0,120,0,0,0,Water
22,3238,222107,806,58173,194699,10902,935,615,7,12,0,189,214,22,261,39,1532,6,3458,1887,9,350,122727,8029,664,18,24601,130,0,0,526,4,150,25119,0,11,35,0,0,0,75,9216,0,39,490,0,1298,1017,0,37200,0,0,0,0,0,0,3065,23,49,220,89,1,249,1,26,0,22253,0,1869,0,3489,5495,0,43,388,0,50,955,0,31672,39,0,0,177,8,47,1084,0,12,0,2,0,0,0,0,0,0,2,0,8554,137,256,0,0,0,0,0,38,0,7,169,0,0,3,0,5,0,32,0,0,355,0,0,4,0,8,1,0,0,0,0,0,78,0,0,0,0,0,0,0,0,0,42500,0,0,6,0,0,0,0,36,1,0,0,0,0,0,0,0,0,0,0,7,0,0,0,0,Water
23,3389,2746,144,497,11384,37,178,104,10,0,0,76,267,5152,25,21855,7,0,35725,0,10,148,0,4,3543,5304,1162,6,7271,4,16,0,2474,98,0,31,721,0,620,0,0,204,0,431,0,0,0,193,291,0,0,0,0,0,0,16,0,496,0,98,1,70,0,42,0,0,0,0,0,0,0,132,0,8,0,0,0,269,0,2,23,0,0,151,0,312,0,0,18,0,47,0,0,2230,0,0,0,0,0,0,0,986,0,0,4,0,0,585,19,20,227,0,0,1925,1341,51,10,0,0,0,5109,0,0,62,0,0,12,17,0,0,0,0,0,0,0,24,0,0,4,0,0,0,0,0,0,10,0,0,0,0,0,45,0,219,0,0,0,0,0,0,0,0,2,0,0,0,0,Water
24,1091,12442,962,36386,123575,7482,35174,5394,0,0,0,29407,1708,15596,3864,1277,3631,9,61447,10073,0,2404,0,494,11758,8910,5506,144,0,0,0,6,1021,325,0,52,12,0,10770,0,100,594,0,34581,1299,9,162,93484,22,11,0,0,0,592,0,12262,663,147,17,48304,258,0,34157,102,0,0,368,71,45,0,0,3415,0,10944,0,0,0,0,0,98,14,0,0,18,0,509,125,58,0,0,0,0,0,0,0,0,0,0,0,6061,1994,132,0,126,0,16,0,0,1,47,13,115,0,5518,59,8,0,9,0,0,28,0,271,0,0,2,5302,17,0,0,0,0,0,0,77563,0,14,0,0,0,0,0,7,13,0,0,246,0,0,0,17,0,0,0,0,0,0,920,0,0,0,0,0,0,0,0,0,Water
25,50,193,11,3063,5583,517,88,150,1,0,0,8,10,4,18,18,477,0,1732,3091,1,67,55,36,0,3,392,3,3,0,5,4,36,3,0,25,4,1,3,4,3,79,0,0,3,0,0,1583,94,4,0,0,0,0,0,0,1,2,3,2,0,19,7,0,0,0,10,1,2,0,0,194,1,6,0,0,0,2149,6,5,2,3,0,0,0,10,417,0,0,0,28,0,0,0,0,0,0,0,0,412,9,0,0,5,7,0,0,0,0,0,2,0,0,0,0,0,0,0,0,0,0,0,0,27,0,1,5,0,0,0,0,0,0,0,0,0,0,1,0,0,0,0,4,0,0,26,0,0,0,0,0,0,0,0,0,0,0,0,0,0,0,0,5,0,0,0,0,Water
26,1115,91494,43151,176001,41096,802,15,4,17,0,0,714,748,328,1072,75481,79013,1235,22016,155,556,26,1606,789,1070,46,23569,14,648,0,122,1846,20,506,0,226,7614,1,2141,2,86,13457,0,3667,0,0,2757,67395,8,0,0,0,0,0,0,9847,249,45,2,509,179,45301,1,2,375,0,4265,1021,0,0,0,1611,0,0,0,0,58,320,0,3,0,0,0,0,0,52,58574,0,0,0,1,1324,0,0,0,0,0,0,0,0,0,0,0,283,0,11580,0,14,28,1109,0,4,0,145,0,0,0,0,0,0,0,0,0,4,0,3,0,7260,0,0,0,0,0,14,0,124,6223,0,0,0,0,0,0,0,635,112094,0,0,0,0,87,0,0,0,0,0,0,0,0,0,225,0,0,0,0,0,0,Water
27,917,33409,265133,6360,157605,1559,40,210,7,16,32,0,0,132,0,11031,111684,0,23350,10,0,362,2232,3134,144,1,8335,84,0,0,355,0,403,289461,0,0,392,0,30,15,129,22541,0,234,466,0,0,535,73,0,0,0,0,11,0,0,129,12,69,1676,0,0,5213,143,582,0,220,0,544,56,0,357,49,0,41,0,0,70,0,67,556,0,0,15,0,196,81949,0,9,0,0,0,0,0,0,0,0,0,0,53,0,46,0,55,0,0,0,0,533,0,16,0,0,15,0,704,741,36,0,0,1778,0,0,0,0,9,0,0,0,0,0,66,53,0,0,0,0,0,0,0,0,0,6,0,0,0,0,0,0,0,8,0,8,0,0,0,0,0,0,0,0,5,0,0,0,0,0,Water
28,1969,22962,646,81381,205917,54199,11153,7746,3,0,0,5392,660,57183,651,445,3156,424,111865,45981,0,3367,80,4143,42046,2774,50291,874,277,0,18,0,2511,5917,0,0,1274,0,3115,0,273,4436,0,540,23,68,0,2950,22,0,0,851,0,3509,14,994,0,2182,896,1126,320,20,3,2,26,6794,843,8,0,5860,0,35386,6,1552,5,0,4,24,44,2,1166,912,5123,0,0,6912,2474,13,0,0,0,0,249,0,0,0,0,0,0,42064,356,41187,0,883,11,4,0,122,64,0,0,65,0,20987,0,0,0,585,0,0,0,0,0,0,0,62,1191,50,163,0,0,585,0,0,0,0,121,0,0,256,0,391,541,0,0,43,0,0,0,0,88,0,0,0,0,0,0,0,0,0,0,0,19,21,0,0,0,Water
29,383,8015,748,11363,10229,12254,7,33,0,0,29,2494,302,352,0,2283,4423,0,16753,0,0,90,45,9172,0,96,6942,0,1345,0,23,5641,3629,229,0,0,0,0,15,0,15,7610,0,2426,2,0,7,24652,0,5,0,188,0,0,0,182,92,703,0,732,1007,0,0,288,230,0,28,0,0,0,0,18394,0,126,0,0,0,18,0,7,464,45,0,0,0,17126,1965,0,0,0,0,0,0,0,0,0,0,0,0,0,0,0,0,389,8684,225,0,256,54,0,8,0,0,45,97,0,0,43,0,0,1240,0,10,0,0,534,6,15,0,0,0,0,0,0,0,107,3245,0,0,0,0,0,0,0,0,0,0,0,0,0,0,0,17,0,0,0,0,0,0,0,0,0,9,0,0,0,0,Water
30,23,16460,16110,517,42441,3663,9,5,10,0,0,53736,6667,0,0,685,43752,0,1171,6,0,0,11,0,8,1578,10,48,0,0,4587,7,16,12,0,13,0,0,0,0,0,136,0,0,5,0,0,148164,0,0,0,0,0,0,0,715,10182,1426,0,1695,0,0,0,0,12,0,11,1510,5,0,0,30,0,12,0,0,0,12,0,0,16,0,10,0,0,11,538,0,0,0,0,0,0,19,0,0,0,0,0,0,0,0,0,125223,0,10,0,0,0,0,0,0,0,0,2,0,5,0,0,0,0,0,4,0,0,0,0,781,0,0,12,0,0,0,0,2,0,0,0,0,0,0,0,0,0,0,0,0,0,0,133,0,9242,0,0,0,0,0,0,0,0,0,0,0,0,0,0,Water
31,1447,6187,38371,10778,11742,9820,0,7,4,0,0,125465,477,401,508,5039,139372,0,3736,3,3,15,0,107,0,6520,311,31,0,0,19624,1,1374,762,0,73,50,0,3926,0,3,17,0,1175,0,0,290,810,57866,7,0,0,0,47,0,597,73,3099,0,957,78,0,3212,247,67,0,146,1048,0,0,0,1005,5,60,10,0,0,295,116,27,22,0,128,0,0,11,0,0,0,0,0,0,0,17,0,0,0,0,0,0,0,1,0,144,7,0,0,0,0,18,0,0,0,3,759,0,0,0,0,0,0,11,0,0,0,0,0,872,0,0,0,0,0,406,7,255,1490,0,0,0,0,0,10,0,0,0,0,0,0,0,143,0,8,0,0,0,0,0,0,0,1129,0,0,0,0,0,0,Water
32,134009,2377,31229,17342,234015,21151,35,31,98,0,88,122158,107,410,2521,2980,102298,0,13782,17,0,314,0,2997,196,4049,7238,597,414,0,98,11,493,6208,0,34,0,0,560,0,65,3362,0,5131,1776,0,17,2323,33,62,0,0,0,0,0,44,16,2872,121,262,51,0,106,59,2057,0,23,81,718,0,35,405,0,178,0,0,0,85,79,16,2884,3,0,0,0,1167,0,0,0,0,0,0,0,0,0,0,0,0,0,0,0,7,0,1834,384,0,0,18,0,23,40392,44,0,57,0,0,0,62,0,0,20,0,0,0,0,37,7,416,0,0,0,0,368,0,0,0,7802,37,0,478,0,0,69,0,0,0,68,0,0,0,27,0,42,0,153,0,0,32,0,0,0,0,0,0,0,0,0,Water
33,209050,9525,13,518,235123,15,17,2,13,0,0,8,8,0,0,27727,21,0,160,0,0,25,0,307,640,11,581,18,0,0,14,0,207546,3330,0,0,7,0,3,0,0,328,0,0,0,0,0,196,8,4928,0,0,0,0,0,163,7,8,0,116,46,0,152786,7,27,0,0,0,93,0,8,4,0,63,0,0,0,0,0,0,36,0,0,0,0,0,0,0,6,0,0,0,162,2654,0,0,0,0,0,0,0,163,0,124,0,0,0,1,0,0,0,0,0,4,117563,0,5,0,0,0,0,0,0,0,0,0,0,4,0,0,0,0,0,0,1,43,0,0,0,0,0,0,5827,0,0,0,0,0,0,0,0,0,19,0,0,0,0,0,0,0,0,0,0,0,0,0,0,Water
34,4258,16037,8752,21967,174271,7342,2371,6359,7,165,32,31030,755,2788,17,4631,52852,0,76787,520,248,2862,469,6107,2134,2482,14904,1279,1216,0,493,66,1350,4320,146,8,0,10,1608,0,1719,12278,0,19022,143,0,0,5044,1081,0,0,453,0,47,0,1715,297,1266,125,3634,807,6,789,2593,1827,0,1915,94,1402,0,0,1152,0,2291,56,0,0,42,4743,241,83,138,202,11,0,657,23241,0,164,0,3387,0,140,76,0,0,40,0,0,218,0,26,0,843,0,14,0,0,528,63,26,18,0,1281,48,298,85,13563,0,9311,602,0,41,507,0,0,251,383,0,0,0,85,47,0,13,546,22439,0,0,761,0,0,0,0,0,9,10,0,0,0,131,0,0,0,0,0,0,0,0,0,0,0,0,0,0,0,0,Water
35,381,91060,1566,7544,209450,10182,137,117,40,0,29,4344,18,18,13,18079,4185,15,8303,102,62,243,45356,1050,110,170,1959,22267,9,0,466,0,275,226,0,437,6348,0,146,0,22,1200,0,726,286,0,0,46414,34,10,0,0,0,0,0,183,100,262049,0,58,10,0,294,0,0,0,6834,178,129,0,14,15357,5,699,0,0,0,83,0,91,0,0,0,43,0,144,417,0,4,0,0,0,0,0,0,0,0,0,0,789,11,18,0,9986,7,974,0,0,11,0,15,0,0,0,0,144,6,0,0,0,5510,0,0,0,0,226999,9,30,0,0,11536,27,423,0,7,0,0,0,0,0,0,100,219,0,0,229,0,8,0,0,0,0,764,0,0,0,0,0,0,0,0,0,18,0,0,0,0,Water
36,135,11386,75209,6865,34325,24512,457,9,14,0,0,256846,31,1427,32,5015,220951,41,10790,2358,50,442,390,942,157,37228,5378,39,0,0,114,25,270,744,0,0,19,0,110,0,705,3529,0,4088,0,0,8528,882,183,0,0,0,0,110,0,29,0,6930,24,487,310,0,7364,4083,2667,0,0,59,0,0,10,6646,7,73,13,0,0,394,149,83,723,0,0,0,0,1032,12662,0,0,0,0,0,0,0,0,0,0,0,4352,5205,0,18,0,0,0,0,0,0,2349,89,0,38,0,64,0,0,0,0,0,0,404,0,0,0,0,46,8,252,0,0,0,0,0,0,32,0,37,0,0,150,0,0,27,0,0,0,0,0,0,0,25,0,0,0,0,0,0,0,0,0,0,0,0,0,0,0,0,Water
37,1080,5595,63112,37168,29549,22376,96,117,14,0,11,204518,105704,85,2314,365,160169,0,9816,0,499,334,0,844,2532,14837,43474,517,557,0,2669,44468,405,534,0,20,0,0,84,0,0,705,0,2516,1972,0,0,12622,0,0,0,0,0,51,34,113,0,5001,54,81211,196,3,2,10,5474,0,1477,0,0,574,0,11415,14,21,0,0,0,418,0,15,2582,30,1882,0,0,1013,0,0,64,0,0,0,0,15,0,0,0,0,321,14,0,0,0,0,596,0,67,0,0,21,23,0,0,565,58,9,0,85,0,0,394,17,0,0,0,0,10,1353,0,0,0,0,852,4511,9,0,0,0,0,0,0,17,96,0,0,0,0,0,0,0,40317,0,0,0,283,0,0,0,0,16,0,0,0,0,0,0,0,Water
38,340,25114,662,11434,41859,3922,245,835,0,0,0,1536,117,0,9,872,102149,16,21469,989,50,267,1387,289,24,57,5300,1959,0,0,7853,3426,164,241,0,171,0,0,46,309,223,13372,0,9049,62,0,61,4415,22505,0,0,0,0,33,0,0,4,54,85,1003,0,0,198,7848,439,0,0,0,52,10,0,2422,0,19,22,0,0,158,0,0,629,0,0,0,0,305,63644,0,1106,0,19,0,19,0,0,0,0,0,0,1624,0,16,0,116,2,703,0,0,314,0,2,0,0,9,18,119,91,45,0,0,6718,0,0,0,0,18,7,391,0,0,0,0,29,180,0,0,33,0,0,0,0,0,0,0,0,0,0,0,0,0,6,0,11,0,0,0,0,0,0,0,0,0,9,0,0,0,0,Water
39,1999,3466,1233,58804,76277,120313,13228,98,9,0,128,12062,38,367,44,245,2808,0,9055,2289,15,817,0,8,358,2150,6824,0,2533,0,15,0,449,402,0,0,7573,0,18,0,1048,3,0,30784,0,0,26,2211,11,139,0,0,0,0,0,0,20,96,0,140609,7,0,44,22843,151,0,0,0,0,0,0,20334,0,16,2815,0,0,0,0,0,45,9634,0,0,0,1320,0,0,0,0,0,0,0,0,0,0,0,0,0,5269,467,6499,0,166,0,144,0,0,42952,0,0,4,0,129,36,0,0,5406,0,0,202,0,0,0,0,7,2066,301,42,0,0,164,0,0,7,69,27,0,0,4525,0,0,0,0,0,0,24,0,0,0,0,0,484,0,0,0,0,0,0,0,0,0,0,0,0,0,0,Water
40,968,118387,530,13222,52191,77955,1035,9546,26,26,0,2610,96,1075,188,246,2107,0,7593,2437,20,146,0,15246,2150,82,20350,1868,13,0,26,0,69,122,0,0,8,0,293,0,30,698,0,739,6,0,0,1131,0,0,0,175,0,0,0,138217,0,76,409,79760,775,0,0,1587,430,0,98,0,129,0,0,2520,0,107274,1888,0,0,25,0,347,7,0,0,388,0,132,0,0,354,0,0,0,0,384,0,0,0,0,0,7908,99,6727,0,81,27,0,0,0,23492,0,17,0,0,368,18,21,0,236,0,0,371,0,0,0,0,36,35,6,0,29,0,0,61,0,0,17,0,0,0,0,0,0,0,0,0,0,0,0,0,0,0,0,6,0,0,0,0,0,0,0,0,0,21,0,0,0,0,Water
41,283,3907,0,6052,152109,3826,242,213,11,0,0,0,77,0,47,4397,994,0,20970,15554,0,28,20,25,1799,4,108832,374,81,0,2,31,36,483,0,0,0,0,55,1,25,160,0,65,6,0,37069,163,0,0,0,2,0,294,0,29,51,0,0,847,1440,1,3,11,2321,0,10,50,6,0,0,437,0,14,0,0,1190,109,0,663,4,0,6,0,0,45,847,0,11,0,7,0,0,0,0,0,0,0,0,2962,18,323,0,18,5,7,0,7,9,0,30,0,0,0,0,0,0,14,0,9041,188,0,0,8,0,0,0,0,0,0,0,0,5,7,1,10,0,0,0,3,0,0,0,0,56,5,0,0,0,0,19,0,1,0,0,0,0,0,0,0,0,0,0,0,0,0,0,Water
42,2227,5083,7175,8523,16680,9986,51,302,33,8,0,23150,6482,3048,0,1050,19303,5,1100,25,0,46,50,556,475,877,3991,0,0,0,9,0,187,634,0,7,211,0,265,0,0,759,0,59,0,0,0,1062,0,2,0,0,0,22,0,6575,2,646,0,11428,193,27,682,0,0,0,133,21,133,0,0,41,0,102,144,0,0,95,0,12,10,0,0,0,0,139,242,0,3989,0,75,0,183,4,0,0,0,0,0,0,140,203,0,803,46,2641,0,0,1791,3,0,0,0,0,113,0,0,0,0,0,2,0,0,60,0,5,0,0,0,0,0,0,0,0,10,154,88,4269,0,0,0,0,0,0,0,66,0,0,0,0,2639,0,56,0,0,0,0,0,0,0,0,0,0,170,0,0,1,Water
43,1107,7632,8677,54372,117097,3248,465,1154,10,0,58,10001,12312,3624,41,2983,8531,202,13954,208,0,143,119,2346,122,398,5477,81,1534,0,8,4,226,4669,0,25,3481,0,14567,0,0,15173,0,3068,8,0,0,97917,0,0,0,444,0,0,0,907,926,2363,6,3798,1308,0,31454,602,712,0,2319,556,208,2001,0,287,204,136,8,0,0,0,0,1369,494,0,0,495,0,4245,290,0,730,0,115,49,132,0,218,0,0,0,0,1644,378,1743,0,75972,639,30,0,14259,354,2,71,2,14,131,125,73,54,0,0,0,2,19,10,112,0,8,14,206,84,0,0,0,11,0,0,93,4839,752,0,1054,0,0,0,0,0,0,0,0,2280,0,1392,18,3844,0,0,0,0,0,0,0,0,0,0,433,0,0,0,Water
44,5829,15065,14,46918,400762,36,66,61,551,0,1,70,688,0,0,6462,64,0,161739,40,11,327,31,15,66359,422,123804,24,1,0,109,2908,570,6,0,15,0,0,7118,3,5,361,0,522,0,0,43772,1195,0,0,0,0,0,12,0,5,3,0,0,383,1485,31,8,0,22,0,2034,5847,101,0,0,1247,6,10,0,0,1342,407,50,5,3,0,318,0,0,898,0,0,1408,0,48,0,0,15,0,0,0,0,0,4,0,344,0,5,495,8,7,315,0,4,0,0,0,9,141,0,0,0,0,0,232,7,0,50,0,0,2,66298,0,0,0,0,0,0,0,0,0,130,0,0,0,0,0,0,0,41,0,0,0,0,202,0,0,0,0,0,0,0,0,0,0,0,1,0,0,0,0,Water
45,3,926,4125,29574,386,1051,0,0,0,0,0,13161,77,0,0,85787,10430,0,3813,0,0,5,0,0,0,646,0,2,0,0,6,0,0,175,0,0,5,0,22541,0,0,2,0,86,0,0,0,99,0,0,0,0,0,0,0,0,509,311,0,47,0,0,0,0,52,0,6,0,0,0,0,9,0,0,0,0,0,5,0,0,0,0,0,0,0,0,0,0,0,0,0,0,0,0,0,0,0,0,0,0,0,0,0,57,0,0,0,0,0,0,0,0,0,0,0,13,0,0,0,0,0,0,0,0,0,0,0,5,0,0,0,0,0,0,0,0,141,0,0,0,0,0,0,0,0,0,0,0,0,0,56,0,17,0,0,0,0,0,0,0,0,0,0,0,0,0,0,Water
46,18832,71322,27554,5245,33925,1220,5216,210,293,0,193,5230,400,10048,0,52,139348,74,49581,0,11979,630,3636,4,7233,3950,7590,269,81,5,3,75,37,1586,0,119,2113,0,14,18,7,21013,0,2773,36,172,4897,9257,0,372,0,0,0,31,0,42,3037,58,0,615,73,0,31,148,201,0,0,69,0,8,21,29,0,140,12,13,78,0,0,17039,6,317,0,297,5,33,100862,0,101,0,819,0,0,0,0,0,0,0,0,162,18,34,2814,7843,0,428,0,80,77,33402,6,34,0,3504,8,42,2,176,0,0,0,0,0,21,0,0,791,283,7,0,159,0,0,0,4,0,0,0,0,0,0,0,3,0,0,9,0,0,0,0,1,0,462,0,0,185,0,0,0,0,0,0,0,0,0,0,0,Water
47,117,688,255,25040,81001,5731,492,240,7,183,5,57,204,27,299,2262,50,0,5650,3289,0,17,0,3,36,6,3184,44,19,0,10,8,37,274,0,25,8,0,583,0,0,104,0,30994,0,0,0,302,39,0,0,850,0,12,0,64,0,4,0,2217,8,6,0,8,6092,0,0,0,0,0,0,922,0,0,0,187,0,0,0,46,0,0,0,595,0,0,6,0,0,0,0,0,31,24,0,0,0,0,0,4179,160,25,0,156,0,0,0,110,126,0,23,89,0,16,0,0,0,0,0,0,0,0,0,0,0,14,6,7,0,0,0,8,609,0,2,39,47260,0,0,0,0,0,7,0,0,28,0,0,0,0,9,0,10,0,0,0,0,0,0,0,0,0,2,0,0,0,0,Water
48,10814,10613,1364,7535,250122,15308,212423,12524,9,0,0,154016,306,2204,567,2786,2959,0,117658,44604,9,267,0,407,2274,1099,10519,0,0,1,159,25,80,365,0,106,10,21,132,0,495,363,0,7524,7,0,471,4213,1,167,0,0,0,184,0,25,0,92,33,1873,55,0,12,5749,112,0,190,46,109,0,0,2821,0,20146,16,0,0,488,0,395,0,4,0,778,0,196,0,86,1748,0,0,0,91,12,0,0,0,0,19,10173,28,101,0,385,17,0,0,0,274,28,60,0,0,1567,0,0,0,20,0,0,50,0,9,0,0,3,31831,301,0,0,0,0,8,195,12,0,322,0,0,0,0,0,28,0,0,0,0,0,0,0,50,0,0,0,0,0,0,0,0,0,0,0,2,0,0,0,0,Water
49,59719,13121,728,48736,196454,36205,866,3733,8,10,0,2369,5762,11703,1489,1928,12097,22,20964,82777,72,2407,219,30289,9421,184,63707,716,84,0,1869,5,3138,629,0,10,0,0,26,0,128,35109,0,9992,1429,0,2632,5397,290,0,0,0,0,0,0,1016,0,120,522,29780,299,0,13777,29,905,0,1651,0,6061,11,0,1738,12,1635,746,0,0,3299,0,12911,1023,53,0,0,0,1122,7889,73,1383,0,45,12,2340,0,0,0,0,0,0,7236,221,5789,0,14,5,0,0,115,9649,0,17029,198,0,4422,1,222,156,276,0,0,41,0,11,2,0,0,29,505,12,0,0,2,285,0,0,0,13650,0,0,0,0,0,0,0,0,3,0,0,0,0,82,0,0,0,0,0,0,0,0,0,0,0,3,0,0,0,0,Water
50,119,20080,616,7275,287825,3927,286,120,0,0,0,1836,12,8,388,442,72361,0,33395,3884,0,686,736,19,4317,212,199810,2,138,0,10805,0,0,179,0,15,10,0,84,16,2,6920,0,374,294,0,72249,122,35210,0,0,0,0,0,0,0,0,34,0,0,2384,0,0,0,53,0,7,0,0,0,0,169,3,8,0,0,2307,18,0,0,11,0,0,0,0,13,34670,0,41,0,0,814,138,0,0,0,0,0,0,2943,59,373,0,0,0,0,0,0,0,0,10,0,0,0,0,0,0,0,0,0,0,0,0,0,0,0,0,8,0,0,0,0,0,0,0,0,648,0,0,0,0,0,0,0,0,0,0,0,0,0,0,0,0,0,4,0,0,0,0,0,0,0,5,0,0,0,0,Water
51,1884,13273,47,510,38796,30,67,0,0,12,0,202,3690,19,0,1305,150,0,7302,39,0,54,0,130,11901,25,4282,5,11,8,14,0,1800,35,0,0,0,0,62,0,0,107,0,186,8,0,1241,221,8,0,0,0,0,11,0,115,1136,25,0,2873,72,0,21,0,34033,0,17,0,25,0,0,45,0,95,0,0,37,3,0,7,40,0,32,0,0,127,44,0,0,0,11,0,0,0,0,0,0,0,0,2,0,0,0,136,81,0,0,0,0,0,0,35926,0,0,1070,0,0,0,0,0,9,0,14901,17,0,9,3,33,0,0,0,0,0,0,0,83,23544,0,0,0,0,0,0,0,0,0,75971,0,0,0,1408,0,14,0,0,0,0,0,0,0,0,0,17,0,0,0,0,Water
52,1863,2169,164,2246,7141,2298,479,189,0,0,312,648,5281,134,85,8244,5548,0,1285,14081,16,125,144,168,713,18238,1734,830,10725,10,11,14,1769,0,0,59,0,2290,124,0,0,1048,0,204,0,0,40,59,34,0,0,0,0,114,0,25,0,20,867,3424,7567,30,28,160,4,0,14,10,0,0,0,2029,0,17,0,0,0,0,0,54,0,29,0,0,0,41,3958,0,0,0,49,0,0,25,0,0,0,0,13095,2096,37,0,0,17,0,0,0,0,0,34,36,0,0,81,1064,0,0,18,0,0,6,0,0,47,0,9,31,59,0,0,0,0,0,0,22,0,94,0,0,0,0,0,25,0,0,59,0,0,0,0,1733,0,0,0,0,0,0,0,0,0,0,0,0,0,0,0,0,Water
53,1792,21970,54,5780,142923,658,68073,26596,60,7,0,47318,106,78538,169,358,9435,0,8597,409,196,15659,152,19,69919,608,48070,73,12,0,77,10,5011,66,0,232,18769,0,110,0,46,1356,0,12853,11,0,18665,425,0,99,0,1,0,120,0,29,337,1,12,495,586,0,0,3,105,0,63,35,0,0,0,310,0,427,0,8,530,114,2,66,79,12007,127,0,81,125,7445,0,155,0,37,16,142,0,0,0,0,0,0,320,0,291,0,6953,0,906,0,49,1,699,20,0,0,27717,0,0,1,6354,18,0,296,0,679,0,0,0,10815,193,0,0,0,0,57,0,0,0,523,0,3,43,0,0,16,0,5,0,0,0,0,0,25,0,0,0,0,107,0,0,0,0,0,169,118,0,0,0,0,Water
54,5,3563,52356,32279,34321,16554,302,1196,619,0,0,169236,22,330,6,896,136216,0,69251,238,52,101,20,911,17,8413,2055,26,15,0,1509,27,342,21,0,8,1,0,2446,0,0,863,0,82,81,0,3,193,4126,7,0,0,0,4,0,1033,125,4143,0,30,1,40,0,79,2,0,110,2009,0,0,0,209,0,18,0,0,0,382,0,1,48,0,0,0,472,36,0,0,765,0,31,0,394,0,0,0,0,0,0,2629,0,370,0,615,19,0,0,0,0,0,0,0,0,15,1,0,0,0,0,0,1,17,0,25,0,0,0,48093,0,0,0,0,0,90,1,0,0,0,0,0,0,0,0,0,0,40,0,0,0,0,8,0,0,0,0,0,0,0,0,0,0,0,0,1027,0,0,0,Water
